exceed_id,station_id,exceed_type,exceed_location,exceed_location_sd,exceed_scale,exceed_scale_sd,exceed_shape,exceed_shape_sd,last_data_year
4400,1611400,GEV_HI,0.26404065,0.007778765,0.06097688,0.005039455,0.011140274,0.035161003,2024
4401,1612340,GEV_HI,0.25800186,0.005852745,0.05776453,0.004102782,-0.19167235,0.057096787,2024
4402,1612480,GEV_HI,0.28986531,0.008521905,0.061429113,0.00595319,-0.23330289,0.07560843,2024
4403,1615680,GEV_HI,0.27474254,0.006406652,0.0494961,0.004512298,-0.20236444,0.079224095,2024
4404,1617433,GEV_HI,0.23798253,0.008687228,0.044783365,0.006403163,-0.050452165,0.15393436,2024
4405,1617760,GEV_HI,0.29835367,0.007729033,0.061395355,0.005581407,-0.3006957,0.079396546,2024
4406,1619910,GEV_HI,0.38838524,0.014524952,0.116347134,0.01009428,-0.07631769,0.06747616,2024
4407,1630000,GEV_HI,0.20057079,0.007357582,0.059158515,0.005047856,-0.023195175,0.052006815,2024
4408,1770000,GEV_HI,0.2026443,0.008187386,0.06618363,0.005367557,-0.27738595,0.042106487,2024
4409,1820000,GEV_HI,0.46027884,0.006070237,0.050334956,0.004162651,-0.3465871,0.04762532,2024
4410,1890000,GEV_HI,0.31869978,0.008440198,0.06564272,0.006681879,0.2247081,0.07945316,2024
4411,2695540,GEV_HI,0.34443888,0.009966059,0.08056226,0.007146635,-0.05439247,0.08167059,2024
4412,8410140,GEV_HI,1.0642813,0.011181694,0.09695125,0.007985039,-0.006775082,0.06936868,2024
4413,8411250,GEV_HI,0.84784776,0.019615564,0.09828313,0.013765286,-0.06400119,0.11888992,2024
4414,8413320,GEV_HI,0.77504665,0.012226995,0.094448954,0.008764439,0.002665988,0.0791852,2024
4415,8418150,GEV_HI,0.72543854,0.011142187,0.104376346,0.008311362,0.064881735,0.07420936,2024
4416,8419870,GEV_HI,0.6755603,0.015087806,0.11610517,0.010747541,-0.042497024,0.08000345,2024
4417,8423898,GEV_HI,0.68255454,0.015244608,0.11742759,0.010837696,-0.04848359,0.07901297,2024
4418,8443970,GEV_HI,0.7844058,0.014852649,0.13542116,0.010744054,0.007789377,0.069425926,2024
4419,8447930,GEV_HI,0.57957035,0.018243384,0.1587488,0.014252998,0.20469947,0.06792384,2024
4420,8449130,GEV_HI,0.5337719,0.020171836,0.13739963,0.014916141,0.03250508,0.1013625,2024
4421,8452660,GEV_HI,0.59307724,0.014645241,0.12704729,0.012119512,0.28355396,0.07920957,2024
4422,8454000,GEV_HI,0.72322685,0.024727736,0.1949274,0.02023901,0.25736335,0.09033946,2024
4423,8461490,GEV_HI,0.6277404,0.02255429,0.18806112,0.017270233,0.15472268,0.074695006,2024
4424,8467150,GEV_HI,0.70873326,0.02314414,0.15947282,0.017421879,0.10040941,0.09728516,2024
4425,8510560,GEV_HI,0.6198955,0.020737858,0.16352616,0.015741132,0.12475967,0.08311162,2024
4426,8516945,GEV_HI,0.8635661,0.029976362,0.26135498,0.022260439,0.0896375,0.06824887,2024
4427,8518750,GEV_HI,0.6872335,0.013885375,0.14254309,0.010816256,0.17719363,0.06408971,2024
4428,8519483,GEV_HI,0.6636129,0.017879702,0.1021841,0.015988953,0.39479843,0.1317364,2024
4429,8531680,GEV_HI,0.7095702,0.018163938,0.15524618,0.014628417,0.23112653,0.081269786,2024
4430,8534720,GEV_HI,0.6828468,0.01391928,0.13010275,0.01048917,0.09984735,0.072564304,2024
4431,8536110,GEV_HI,0.6293391,0.017523462,0.11222624,0.013345603,0.030889262,0.13489841,2024
4432,8545240,GEV_HI,0.554397,0.01794422,0.17834957,0.012648924,-0.083522946,0.061873533,2024
4433,8551910,GEV_HI,0.5304589,0.018270247,0.12346286,0.01310531,-0.04375813,0.09804141,2024
4434,8557380,GEV_HI,0.6822984,0.016130487,0.1290884,0.012474425,0.1276272,0.09590336,2024
4435,8570283,GEV_HI,0.5175468,0.024149137,0.13311236,0.018915275,0.16477728,0.13957658,2024
4436,8571892,GEV_HI,0.51983505,0.014416308,0.09571802,0.011430684,0.14619389,0.13194786,2024
4437,8573364,GEV_HI,0.534337,0.024070093,0.12292829,0.019359138,0.23346917,0.13560884,2024
4438,8573927,GEV_HI,0.5694798,0.03030693,0.15834644,0.022967132,0.12811182,0.12286638,2024
4439,8574680,GEV_HI,0.5487033,0.013261142,0.13100944,0.010812965,0.25426322,0.071011655,2024
4440,8575512,GEV_HI,0.5220796,0.01270929,0.112981,0.01052008,0.2724642,0.07269899,2024
4441,8577330,GEV_HI,0.49805844,0.013271944,0.113776326,0.009500736,0.054620396,0.056494854,2024
4442,8594900,GEV_HI,0.56895196,0.020640971,0.17953132,0.01835182,0.38343403,0.08679964,2024
4443,8631044,GEV_HI,0.66091514,0.032279212,0.18832272,0.024179062,0.02623494,0.13572666,2024
4444,8632200,GEV_HI,0.5901657,0.015345489,0.1170736,0.011496683,0.09348816,0.08761846,2024
4445,8635027,GEV_HI,0.52997303,0.017124528,0.10121713,0.014325634,0.30176947,0.120174035,2024
4446,8635750,GEV_HI,0.5035266,0.015044177,0.0978275,0.011221438,0.1157376,0.091993965,2024
4447,8637689,GEV_HI,0.6152226,0.019148493,0.1495988,0.013798694,0.046093617,0.070557415,2024
4448,8638610,GEV_HI,0.6907469,0.019040637,0.16649666,0.014467671,0.123117976,0.077405006,2024
4449,8638863,GEV_HI,0.6639101,0.027767573,0.15436403,0.021524549,0.109450705,0.15114017,2024
4450,8651370,GEV_HI,0.63767284,0.018246608,0.11207729,0.013073957,-0.021497276,0.09786656,2024
4451,8652587,GEV_HI,0.5195704,0.03786338,0.19397712,0.029897243,0.19436555,0.13439511,2024
4452,8656483,GEV_HI,0.4442822,0.017904026,0.12903593,0.013434319,0.10525535,0.089850165,2024
4453,8658120,GEV_HI,0.36506099,0.015253114,0.13162446,0.011032305,0.06875258,0.06326628,2024
4454,8661070,GEV_HI,0.60136026,0.01586852,0.11494889,0.013076539,0.28742987,0.084331214,2024
4455,8665530,GEV_HI,0.54449767,0.010574385,0.09909423,0.008414575,0.22631182,0.06762681,2024
4456,8670870,GEV_HI,0.59671766,0.010866504,0.092895985,0.007948335,0.1091378,0.05941109,2024
4457,8720030,GEV_HI,0.5751115,0.01088509,0.10453577,0.008378136,0.1742612,0.061884142,2024
4458,8720218,GEV_HI,0.4394742,0.009745806,0.08616721,0.007105132,0.045330092,0.06903949,2024
4459,8723214,GEV_HI,0.38416272,0.011537279,0.10039836,0.008387269,0.09217839,0.05879297,2024
4460,8723970,GEV_HI,0.27786782,0.009362274,0.06069808,0.008031532,0.33732474,0.111792415,2024
4461,8724580,GEV_HI,0.29163265,0.006343536,0.058904618,0.005096855,0.22283573,0.0799621,2024
4462,8725110,GEV_HI,0.4268414,0.018132422,0.120694384,0.015191432,0.28992063,0.12164823,2024
4463,8725520,GEV_HI,0.4344098,0.021904284,0.14971446,0.01855295,0.30519235,0.11153575,2024
4464,8726520,GEV_HI,0.46305448,0.017356666,0.1311912,0.014617283,0.29034895,0.11267784,2024
4465,8726724,GEV_HI,0.48098218,0.019382045,0.113148324,0.017352987,0.40115178,0.1683026,2024
4466,8727520,GEV_HI,0.5577159,0.018556513,0.163075,0.015864493,0.32487333,0.08667988,2024
4467,8729108,GEV_HI,0.44137308,0.019261343,0.120989814,0.01807271,0.46319297,0.13875042,2024
4468,8729840,GEV_HI,0.42423743,0.014704361,0.13155927,0.013454197,0.42822406,0.089230604,2024
4469,8735180,GEV_HI,0.4177036,0.020110859,0.12817854,0.019582883,0.5124981,0.13313174,2024
4470,8747437,GEV_HI,0.67335254,0.050140485,0.29513094,0.04889305,0.52063364,0.148261,2024
4471,8761724,GEV_HI,0.41199207,0.022202736,0.17223924,0.018129593,0.25060514,0.0948716,2024
4472,8761927,GEV_HI,0.6261526,0.05029679,0.22900063,0.03935972,0.13149522,0.18690422,2024
4473,8770570,GEV_HI,0.49304867,0.023788432,0.16890329,0.018721377,0.22664678,0.08151088,2024
4474,8771450,GEV_HI,0.52744734,0.017683044,0.16774397,0.015570852,0.37652895,0.08443923,2024
4475,8771510,GEV_HI,0.5924491,0.033702143,0.21447735,0.027882604,0.28649437,0.105836384,2024
4476,8772447,GEV_HI,0.574761,0.022951443,0.16612263,0.017667143,0.14573292,0.09624311,2024
4477,8774770,GEV_HI,0.37610525,0.014865632,0.10737789,0.012551412,0.2998647,0.117437206,2024
4478,8775870,GEV_HI,0.4714621,0.029519007,0.15595552,0.023297545,0.1761646,0.1470647,2024
4479,8778490,GEV_HI,0.43645683,0.020392898,0.118477315,0.015238605,0.07600573,0.11339126,2024
4480,8779748,GEV_HI,0.40687886,0.01949113,0.11744357,0.016255168,0.30729187,0.10606418,2024
4481,8779770,GEV_HI,0.3875485,0.013318536,0.10811571,0.010621457,0.22938977,0.078283496,2024
4482,9410170,GEV_HI,0.5607055,0.005758076,0.05752664,0.003864525,-0.18434495,0.046997897,2024
4483,9410230,GEV_HI,0.52200854,0.006890935,0.06206806,0.004767955,-0.21365662,0.064032815,2024
4484,9410660,GEV_HI,0.54797435,0.006179408,0.056762606,0.00427979,-0.23443887,0.055523567,2024
4485,9410840,GEV_HI,0.53596926,0.006252177,0.050822727,0.004569687,0.03609154,0.07125668,2024
4486,9411340,GEV_HI,0.53201985,0.010809686,0.05739841,0.00767295,-0.3338646,0.10803895,2024
4487,9412110,GEV_HI,0.50694466,0.00831029,0.065013275,0.005921698,-0.1397517,0.086483166,2024
4488,9413450,GEV_HI,0.49085537,0.009479387,0.0606454,0.006812965,0.001599408,0.09681108,2024
4489,9414290,GEV_HI,0.4579014,0.009017014,0.09242289,0.00630617,-0.11141063,0.05455197,2024
4490,9414750,GEV_HI,0.47122326,0.010845326,0.09139029,0.007588886,-0.06039129,0.064647354,2024
4491,9415020,GEV_HI,0.510436,0.013615402,0.08563511,0.009926159,0.020132218,0.1061684,2024
4492,9415144,GEV_HI,0.3741936,0.019390844,0.12022981,0.014419554,0.06663416,0.11010162,2024
4493,9416841,GEV_HI,0.5938555,0.02187518,0.116649225,0.01684393,-0.31673604,0.16424452,2024
4494,9418767,GEV_HI,0.5832991,0.016750716,0.10231135,0.01200322,-0.07703795,0.11315826,2024
4495,9419750,GEV_HI,0.64701325,0.014561666,0.12482671,0.010154329,-0.15336896,0.062286645,2024
4496,9431647,GEV_HI,0.6742191,0.022742953,0.13502182,0.015862314,-0.04004693,0.0918768,2024
4497,9432780,GEV_HI,0.7019194,0.019556414,0.12986813,0.013712652,-0.17806281,0.094058156,2024
4498,9435380,GEV_HI,0.7586835,0.019946843,0.13654423,0.014082013,-0.13954826,0.086772785,2024
4499,9439040,GEV_HI,0.7729932,0.014981705,0.13150768,0.010792341,-0.15932658,0.08256684,2024
4500,9440910,GEV_HI,0.9823534,0.03382404,0.22030798,0.024343792,-0.1872296,0.103832826,2024
4501,9443090,GEV_HI,0.84425366,0.017188445,0.14667502,0.012254312,-0.2506151,0.07664338,2024
4502,9444090,GEV_HI,0.6810468,0.021521525,0.13794531,0.015288202,-0.2912855,0.09208258,2024
4503,9444900,GEV_HI,0.63004714,0.021351945,0.14128856,0.014944497,-0.28497398,0.085486606,2024
4504,9447130,GEV_HI,0.6493187,0.011476258,0.11870069,0.007799178,-0.20682521,0.04429639,2024
4505,9449424,GEV_HI,0.68205756,0.021497991,0.1422977,0.01453738,-0.22610155,0.07457697,2024
4506,9449880,GEV_HI,0.6488687,0.01602551,0.13980243,0.010914148,-0.26754954,0.055274993,2024
4507,9450460,GEV_HI,1.2681689,0.016173959,0.15379263,0.010988651,-0.24080303,0.047083873,2024
4508,9451600,GEV_HI,0.9532237,0.014307601,0.121246845,0.009822583,-0.12658896,0.06333631,2024
4509,9452210,GEV_HI,1.3407273,0.017748244,0.15000768,0.012281295,-0.10638629,0.060367256,2024
4510,9452400,GEV_HI,1.387218,0.020041654,0.15956785,0.014354749,-0.1323833,0.08524181,2024
4511,9453220,GEV_HI,1.023382,0.014892218,0.12321638,0.010266104,-0.20586655,0.06821323,2024
4512,9454050,GEV_HI,1.1355746,0.020656228,0.14554605,0.014522836,-0.21778122,0.08319831,2024
4513,9454240,GEV_HI,1.111608,0.022330802,0.14719798,0.015337965,-0.25837886,0.07901254,2024
4514,9455090,GEV_HI,1.0268128,0.01753627,0.118813656,0.012539279,-0.06624713,0.09534349,2024
4515,9455500,GEV_HI,1.5258899,0.024041407,0.16876857,0.016279561,-0.18619306,0.0611494,2024
4516,9455760,GEV_HI,1.4037801,0.027108902,0.15787876,0.01914956,-0.35714382,0.08707452,2024
4517,9455920,GEV_HI,1.3794008,0.018298836,0.122912474,0.01317275,-0.25904074,0.08510969,2024
4518,9457292,GEV_HI,0.8662086,0.017406605,0.11627789,0.012462921,-0.08458117,0.10001821,2024
4519,9459450,GEV_HI,0.8705155,0.0226862,0.14873964,0.015642384,-0.18963541,0.08151758,2024
4520,9461380,GEV_HI,0.5966821,0.012750643,0.102076165,0.008976614,-0.24128728,0.07668043,2024
4521,9462620,GEV_HI,0.586969,0.012183315,0.10385206,0.008093743,-0.25512624,0.044689156,2024
4522,9463502,GEV_HI,0.7713373,0.05047484,0.1994856,0.036233358,-0.14233132,0.17065455,2024
4523,9468756,GEV_HI,1.2401241,0.082685344,0.3934357,0.06091795,-0.005135075,0.15948053,2024
4524,9497645,GEV_HI,0.6398855,0.030740168,0.16728099,0.021156594,-0.13795316,0.10243325,2024
4525,9751639,GEV_HI,0.16963384,0.00592681,0.036785502,0.005324548,0.40987158,0.11977004,2024
4526,9755371,GEV_HI,0.21180703,0.007849812,0.05663584,0.005611424,0.09906687,0.060733948,2024
4527,9759110,GEV_HI,0.16026095,0.006277729,0.046448804,0.005081512,0.2441806,0.0943313,2024
