exceed_id,station_id,exceed_type,exceed_location,exceed_location_sd,exceed_scale,exceed_scale_sd,exceed_shape,exceed_shape_sd,status,last_data_year,trend_id1,trend_id2
7962,1611400,GEV_HI,0.265,0.008,0.061,0.005,0.01,0.035,A,2025,10008551,0
9734,1612340,GEV_HI,0.258,0.006,0.058,0.004,-0.195,0.056,A,2025,10008552,0
8014,1612480,GEV_HI,0.29,0.008,0.061,0.006,-0.232,0.074,A,2025,10008553,0
8040,1615680,GEV_HI,0.275,0.006,0.049,0.004,-0.205,0.077,A,2025,10008554,0
9628,1617433,GEV_HI,0.239,0.009,0.046,0.006,-0.084,0.154,A,2025,10008555,0
8092,1617760,GEV_HI,0.297,0.008,0.061,0.005,-0.29,0.079,A,2025,10008556,0
8118,1619910,GEV_HI,0.39,0.014,0.116,0.01,-0.081,0.066,A,2025,10008584,0
10974,1630000,GEV_HI,0.193,0.007,0.06,0.005,-0.026,0.052,A,2025,10008585,10008586
9682,1770000,GEV_HI,0.218,0.008,0.066,0.005,-0.274,0.042,A,2025,10008587,10008588
8144,1820000,GEV_HI,0.461,0.006,0.05,0.004,-0.351,0.047,A,2025,10008589,0
8170,1890000,GEV_HI,0.318,0.008,0.065,0.007,0.232,0.081,A,2025,10008590,0
10922,2695540,GEV_HI,0.346,0.011,0.091,0.007,-0.147,0.062,A,2025,10008785,0
9656,8410140,GEV_HI,1.062,0.011,0.097,0.008,-0.002,0.07,A,2025,10008593,0
8248,8413320,GEV_HI,0.768,0.013,0.102,0.009,-0.042,0.073,A,2025,10008594,0
8274,8418150,GEV_HI,0.723,0.011,0.106,0.008,0.055,0.073,A,2025,10008595,0
8300,8419870,GEV_HI,0.663,0.016,0.131,0.011,-0.105,0.068,A,2025,10008596,0
8326,8443970,GEV_HI,0.782,0.015,0.139,0.011,-0.006,0.068,A,2025,10008597,0
9684,8447930,GEV_HI,0.576,0.018,0.159,0.014,0.208,0.069,A,2025,10008598,0
8378,8449130,GEV_HI,0.529,0.02,0.138,0.015,0.038,0.104,A,2025,10008599,0
9686,8452660,GEV_HI,0.59,0.015,0.129,0.012,0.276,0.079,A,2025,10008600,0
8406,8454000,GEV_HI,0.718,0.025,0.194,0.02,0.266,0.093,A,2025,10008601,0
9688,8461490,GEV_HI,0.623,0.022,0.187,0.017,0.161,0.076,A,2025,10008602,0
9702,8467150,GEV_HI,0.703,0.024,0.17,0.018,0.059,0.091,A,2025,10008603,0
9690,8510560,GEV_HI,0.613,0.02,0.16,0.016,0.132,0.083,A,2025,10008604,0
9692,8516945,GEV_HI,0.859,0.03,0.26,0.022,0.094,0.069,A,2025,10008605,0
8536,8518750,GEV_HI,0.686,0.014,0.142,0.011,0.179,0.064,A,2025,10008606,0
4428,8519483,GEV_HI,0.6636129,0.017879702,0.1021841,0.015988953,0.39479843,0.1317364,A,2024,10007819,NULL
9694,8531680,GEV_HI,0.707,0.018,0.154,0.014,0.237,0.081,A,2025,10008608,0
9696,8534720,GEV_HI,0.68,0.014,0.13,0.011,0.102,0.073,A,2025,10008609,0
9698,8536110,GEV_HI,0.632,0.017,0.113,0.013,0.015,0.131,A,2025,10008610,0
9700,8545240,GEV_HI,0.555,0.018,0.178,0.013,-0.085,0.061,A,2025,10008611,0
9704,8551910,GEV_HI,0.529,0.018,0.122,0.013,-0.037,0.097,A,2025,10008612,0
9706,8557380,GEV_HI,0.683,0.016,0.129,0.012,0.121,0.095,A,2025,10008613,0
9708,8570283,GEV_HI,0.518,0.023,0.131,0.018,0.16,0.134,A,2025,10008614,0
8744,8571892,GEV_HI,0.521,0.014,0.096,0.011,0.132,0.127,A,2025,10008615,0
8770,8573364,GEV_HI,0.538,0.024,0.124,0.019,0.218,0.131,A,2025,10008616,0
9710,8573927,GEV_HI,0.568,0.029,0.155,0.022,0.129,0.119,A,2025,10008617,0
8822,8574680,GEV_HI,0.55,0.013,0.131,0.011,0.251,0.071,A,2025,10008618,0
9712,8575512,GEV_HI,0.523,0.013,0.114,0.011,0.269,0.073,A,2025,10008619,0
8874,8577330,GEV_HI,0.498,0.013,0.113,0.009,0.053,0.056,A,2025,10008620,0
9736,8594900,GEV_HI,0.568,0.02,0.178,0.018,0.382,0.086,A,2025,10008621,0
8926,8631044,GEV_HI,0.667,0.032,0.19,0.024,0.008,0.133,A,2025,10008622,0
8952,8632200,GEV_HI,0.592,0.015,0.117,0.011,0.086,0.086,A,2025,10008623,0
9716,8635027,GEV_HI,0.529,0.016,0.099,0.014,0.295,0.115,A,2025,10008624,0
9718,8635750,GEV_HI,0.505,0.015,0.098,0.011,0.108,0.09,A,2025,10008625,0
9720,8637689,GEV_HI,0.617,0.019,0.15,0.014,0.041,0.069,A,2025,10008627,0
9722,8638610,GEV_HI,0.692,0.019,0.167,0.014,0.118,0.077,A,2025,10008628,0
9724,8638901,GEV_HI,0.615,0.023,0.144,0.018,0.09,0.122,A,2025,10008629,0
9108,8651370,GEV_HI,0.64,0.018,0.113,0.013,-0.032,0.094,A,2025,10008630,0
9134,8652587,GEV_HI,0.51,0.037,0.193,0.03,0.208,0.139,A,2025,10008631,0
9160,8656483,GEV_HI,0.444,0.019,0.141,0.014,0.037,0.078,A,2025,10008632,0
9186,8658120,GEV_HI,0.367,0.015,0.132,0.011,0.065,0.063,A,2025,10008633,0
9726,8661070,GEV_HI,0.603,0.016,0.115,0.013,0.281,0.083,A,2025,10008634,0
9238,8665530,GEV_HI,0.543,0.01,0.099,0.008,0.23,0.068,A,2025,10008635,0
9264,8670870,GEV_HI,0.598,0.011,0.093,0.008,0.105,0.059,A,2025,10008636,0
9728,8720030,GEV_HI,0.576,0.011,0.105,0.008,0.172,0.062,A,2025,10008637,0
9316,8720218,GEV_HI,0.44,0.01,0.087,0.007,0.042,0.069,A,2025,10008638,0
9342,8723214,GEV_HI,0.385,0.012,0.101,0.008,0.088,0.058,A,2025,10008641,0
9738,8723970,GEV_HI,0.279,0.009,0.061,0.008,0.328,0.11,A,2025,10008642,0
9394,8724580,GEV_HI,0.292,0.006,0.059,0.005,0.218,0.08,A,2025,10008643,0
4462,8725110,GEV_HI,0.4268414,0.018132422,0.120694384,0.015191432,0.28992063,0.12164823,A,2024,10007690,NULL
9420,8725520,GEV_HI,0.429,0.022,0.148,0.018,0.317,0.114,A,2025,10008644,0
9446,8726520,GEV_HI,0.459,0.017,0.131,0.015,0.294,0.114,A,2025,10008646,0
9740,8726724,GEV_HI,0.476,0.019,0.115,0.016,0.305,0.141,A,2025,10008649,0
9742,8727520,GEV_HI,0.557,0.018,0.162,0.016,0.326,0.086,A,2025,10008650,0
4467,8729108,GEV_HI,0.44137308,0.019261343,0.120989814,0.01807271,0.46319297,0.13875042,A,2024,10007901,NULL
9744,8729840,GEV_HI,0.424,0.015,0.131,0.013,0.425,0.088,A,2025,10008654,0
4469,8735180,GEV_HI,0.4177036,0.020110859,0.12817854,0.019582883,0.5124981,0.13313174,A,2024,10007904,NULL
9524,8761724,GEV_HI,0.408,0.022,0.17,0.018,0.255,0.094,A,2025,10008657,0
9746,8761927,GEV_HI,0.623,0.048,0.221,0.038,0.152,0.183,A,2025,10008658,0
9748,8770613,GEV_HI,0.625,0.045,0.226,0.035,0.097,0.155,A,2025,10008659,0
9750,8770822,GEV_HI,0.469,0.022,0.165,0.017,0.179,0.069,A,2025,10008660,0
10948,8771341,GEV_HI,0.611,0.027,0.188,0.022,0.241,0.104,A,2025,10008662,0
9730,8771450,GEV_HI,0.526,0.017,0.166,0.015,0.377,0.084,A,2025,10008663,0
9732,8772471,GEV_HI,0.64,0.022,0.161,0.017,0.191,0.103,A,2025,10008664,10008665
4477,8774770,GEV_HI,0.37610525,0.014865632,0.10737789,0.012551412,0.2998647,0.117437206,A,2024,10007916,NULL
4478,8775870,GEV_HI,0.4714621,0.029519007,0.15595552,0.023297545,0.1761646,0.1470647,A,2024,10007345,NULL
10558,8778490,GEV_HI,0.438,0.02,0.116,0.015,0.076,0.11,A,2025,10008783,0
9800,8779748,GEV_HI,0.407,0.019,0.117,0.016,0.301,0.104,A,2025,10008669,0
9826,8779770,GEV_HI,0.388,0.013,0.108,0.01,0.225,0.077,A,2025,10008670,0
9852,9410170,GEV_HI,0.561,0.006,0.057,0.004,-0.186,0.046,A,2025,10008671,0
9878,9410230,GEV_HI,0.522,0.007,0.062,0.005,-0.217,0.063,A,2025,10008672,0
9904,9410660,GEV_HI,0.549,0.006,0.057,0.004,-0.24,0.055,A,2025,10008673,0
9930,9410840,GEV_HI,0.537,0.006,0.051,0.005,0.031,0.07,A,2025,10008674,0
9956,9411340,GEV_HI,0.534,0.011,0.058,0.008,-0.356,0.107,A,2025,10008675,0
9982,9412110,GEV_HI,0.508,0.008,0.065,0.006,-0.147,0.085,A,2025,10008676,0
10008,9413450,GEV_HI,0.491,0.009,0.061,0.007,-0.005,0.095,A,2025,10008677,0
10034,9414290,GEV_HI,0.458,0.009,0.092,0.006,-0.11,0.054,A,2025,10008679,0
10060,9414750,GEV_HI,0.472,0.011,0.091,0.007,-0.06,0.064,A,2025,10008681,0
10086,9414863,GEV_HI,0.435,0.017,0.079,0.012,0.007,0.152,A,2025,10008682,0
10112,9415020,GEV_HI,0.511,0.013,0.085,0.01,0.016,0.104,A,2025,10008683,0
10138,9415144,GEV_HI,0.376,0.019,0.12,0.014,0.058,0.107,A,2025,10008684,0
10164,9416841,GEV_HI,0.59,0.021,0.114,0.016,-0.288,0.161,A,2025,10008685,0
10166,9418767,GEV_HI,0.583,0.016,0.101,0.012,-0.076,0.109,A,2025,10008686,0
10192,9419750,GEV_HI,0.647,0.014,0.124,0.01,-0.152,0.061,A,2025,10008687,0
10218,9431647,GEV_HI,0.676,0.022,0.134,0.016,-0.045,0.089,A,2025,10008688,0
10244,9432780,GEV_HI,0.703,0.019,0.129,0.013,-0.179,0.091,A,2025,10008689,0
10270,9435380,GEV_HI,0.758,0.02,0.135,0.014,-0.137,0.085,A,2025,10008690,0
10296,9439040,GEV_HI,0.773,0.015,0.131,0.011,-0.161,0.081,A,2025,10008692,0
10322,9440910,GEV_HI,0.985,0.033,0.21,0.023,-0.161,0.105,A,2025,10008693,0
10348,9443090,GEV_HI,0.845,0.017,0.146,0.012,-0.253,0.075,A,2025,10008694,0
10374,9444090,GEV_HI,0.681,0.021,0.136,0.015,-0.285,0.091,A,2025,10008695,0
10400,9444900,GEV_HI,0.627,0.021,0.14,0.015,-0.275,0.086,A,2025,10008696,0
10426,9447130,GEV_HI,0.649,0.011,0.118,0.008,-0.204,0.044,A,2025,10008697,0
10452,9449424,GEV_HI,0.677,0.021,0.143,0.015,-0.222,0.076,A,2025,10008698,0
10478,9449880,GEV_HI,0.647,0.016,0.139,0.011,-0.263,0.055,A,2025,10008699,0
10504,9450460,GEV_HI,1.269,0.016,0.154,0.011,-0.243,0.046,A,2025,10008700,0
10530,9451600,GEV_HI,0.954,0.014,0.121,0.01,-0.131,0.063,A,2025,10008701,0
10556,9452210,GEV_HI,1.341,0.018,0.15,0.012,-0.11,0.06,A,2025,10008702,0
10608,9452400,GEV_HI,1.388,0.02,0.16,0.014,-0.139,0.084,A,2025,10008703,0
10634,9453220,GEV_HI,1.028,0.015,0.121,0.01,-0.2,0.071,A,2025,10008704,10008705
10660,9454050,GEV_HI,1.119,0.02,0.141,0.014,-0.233,0.084,A,2025,10008706,10008707
10686,9454240,GEV_HI,1.096,0.021,0.142,0.015,-0.273,0.079,A,2025,10008708,10008709
10712,9455090,GEV_HI,1.024,0.018,0.123,0.013,-0.089,0.09,A,2025,10008711,0
4515,9455500,GEV_HI,1.5258899,0.024041407,0.16876857,0.016279561,-0.18619306,0.0611494,A,2024,10007752,NULL
10738,9455760,GEV_HI,1.399,0.027,0.154,0.019,-0.329,0.087,A,2025,10008713,0
4517,9455920,GEV_HI,1.3794008,0.018298836,0.122912474,0.01317275,-0.25904074,0.08510969,A,2024,10007955,NULL
10740,9457292,GEV_HI,0.863,0.021,0.118,0.015,-0.02,0.13,A,2025,10008815,0
4519,9459450,GEV_HI,0.8705155,0.0226862,0.14873964,0.015642384,-0.18963541,0.08151758,A,2024,10007958,NULL
10766,9461380,GEV_HI,0.599,0.013,0.102,0.009,-0.248,0.076,A,2025,10008715,10008716
10792,9462620,GEV_HI,0.596,0.014,0.103,0.009,-0.356,0.064,A,2025,10008782,0
10818,9468756,GEV_HI,1.227,0.078,0.377,0.057,0,0.147,A,2025,10008718,0
10844,9497645,GEV_HI,0.638,0.03,0.166,0.021,-0.141,0.099,A,2025,10008719,0
4525,9751639,GEV_HI,0.16963384,0.00592681,0.036785502,0.005324548,0.40987158,0.11977004,A,2024,10007966,NULL
10870,9755371,GEV_HI,0.212,0.008,0.057,0.006,0.095,0.059,A,2025,10008722,0
10896,9759110,GEV_HI,0.161,0.006,0.047,0.005,0.231,0.092,A,2025,10008723,0
